Model,MSE,R2
SGD,3.990362782297363,-1.8170677792662508
