Model,MSE,R2
Closed Form,4.454487606081867,-1.677395017352938
Ridge Regression,4.445859007206007,-1.6722087491039432
Batch Gradient Descent,4.45437230804523,-1.6773257168146718
Mini-batch GD,4.638496906198043,-1.787994849891477
SGD,4.8116168171756595,-1.8920495533826722
