Model,MSE,R2,degree,C,epsilon
SVR,1.0105099510930182,0.39,3,1.0,0.1
SVR,1.0105099510930182,0.3926272677584626,5,1.0,0.1
