Model,MSE,R2
Random Rating Generator,8.590784894752657,-4.163539941374556