Model,MSE,R2,depth
RandomForestRegressor,1.0278204257432462,0.38222270887872634,15
Model,MSE,R2,depth
RandomForestRegressor,1.0278204257432462,0.38222270887872634,15
